period_utc,ts_local,target_date,iso_forecast_mw,pred_lgb,pred_xgb,pred_raw,pred_lo_raw,pred_hi_raw,pred,pred_lo,pred_hi,issued_at,models_trained_through,demand_mw
2026-10-08 04:00:00+00:00,2026-10-08 00:00:00-04:00,2026-10-08,10590.0,10652.603219624283,,10652.603219624283,10465.575327038709,10815.343169908392,10614.90159834154,10212.49111935852,10993.024135023088,2026-10-07T18:10-04:00,2026-10-06,10779.0
2026-10-08 05:00:00+00:00,2026-10-08 01:00:00-04:00,2026-10-08,,10320.763993003804,,10320.763993003804,10254.805236373311,10526.265136953927,10283.062371721058,10001.721028693126,10703.946102068625,2026-10-07T18:10-04:00,2026-10-06,10437.0
2026-10-08 06:00:00+00:00,2026-10-08 02:00:00-04:00,2026-10-08,,10126.27686446312,,10126.27686446312,9817.984382351004,10340.731439404326,10088.575243180376,9564.900174670816,10518.412404519022,2026-10-07T18:10-04:00,2026-10-06,10079.0
2026-10-08 07:00:00+00:00,2026-10-08 03:00:00-04:00,2026-10-08,,10055.327753722517,,10055.327753722517,9881.726743592972,10214.503770329477,10017.62613243977,9628.642535912784,10392.18473544417,2026-10-07T18:10-04:00,2026-10-06,10163.0
2026-10-08 08:00:00+00:00,2026-10-08 04:00:00-04:00,2026-10-08,,9989.179339525908,,9989.179339525908,9793.211102587382,10222.131931375769,9951.477718243164,9540.126894907196,10399.812896490464,2026-10-07T18:10-04:00,2026-10-06,10117.0
2026-10-08 09:00:00+00:00,2026-10-08 05:00:00-04:00,2026-10-08,,10068.550936644611,,10068.550936644611,9813.771023714784,10302.663011254452,10030.849315361866,9560.686816034597,10480.343976369148,2026-10-07T18:10-04:00,2026-10-06,10358.0
2026-10-08 10:00:00+00:00,2026-10-08 06:00:00-04:00,2026-10-08,,10564.140722375556,,10564.140722375556,10424.32731029486,10815.952650913294,10526.43910109281,10171.243102614671,10993.63361602799,2026-10-07T18:10-04:00,2026-10-06,10706.0
2026-10-08 11:00:00+00:00,2026-10-08 07:00:00-04:00,2026-10-08,,11536.576486868304,,11536.576486868304,11410.031487254091,11778.914510335648,11498.87486558556,11156.947279573904,11956.595475450344,2026-10-07T18:10-04:00,2026-10-06,11856.0
2026-10-08 12:00:00+00:00,2026-10-08 08:00:00-04:00,2026-10-08,,12172.40326289386,,12172.40326289386,11882.58527762058,12342.877380548272,12134.701641611116,11629.501069940392,12520.558345662968,2026-10-07T18:10-04:00,2026-10-06,12567.0
2026-10-08 13:00:00+00:00,2026-10-08 09:00:00-04:00,2026-10-08,,11733.28487517205,,11733.28487517205,11303.480860865482,12157.514396649529,11695.583253889305,11050.396653185297,12335.195361764225,2026-10-07T18:10-04:00,2026-10-06,12313.0
2026-10-08 14:00:00+00:00,2026-10-08 10:00:00-04:00,2026-10-08,,11138.208297476753,,11138.208297476753,10373.227586001703,12060.851515595688,11100.506676194009,10120.143378321518,12238.532480710384,2026-10-07T18:10-04:00,2026-10-06,11344.0
2026-10-08 15:00:00+00:00,2026-10-08 11:00:00-04:00,2026-10-08,,10037.43755305548,,10037.43755305548,9592.27085138611,11002.279560997416,9999.735931772737,9339.186643705923,11179.96052611211,2026-10-07T18:10-04:00,2026-10-06,10206.0
2026-10-08 16:00:00+00:00,2026-10-08 12:00:00-04:00,2026-10-08,,9537.6560933728,,9537.6560933728,9147.392763237209,10271.427653249191,9499.954472090054,8894.308555557021,10449.108618363887,2026-10-07T18:10-04:00,2026-10-06,10259.0
2026-10-08 17:00:00+00:00,2026-10-08 13:00:00-04:00,2026-10-08,,9279.012146098055,,9279.012146098055,9021.12092106409,10098.945650601128,9241.31052481531,8768.036713383903,10276.626615715824,2026-10-07T18:10-04:00,2026-10-06,10139.0
2026-10-08 18:00:00+00:00,2026-10-08 14:00:00-04:00,2026-10-08,,9437.641384698934,,9437.641384698934,9057.44290778675,10432.608238270195,9399.939763416189,8804.358700106563,10610.289203384891,2026-10-07T18:10-04:00,2026-10-06,10074.0
2026-10-08 19:00:00+00:00,2026-10-08 15:00:00-04:00,2026-10-08,,9611.23525436535,,9611.23525436535,9433.094429406534,10740.715609819204,9573.533633082605,9180.010221726348,10918.3965749339,2026-10-07T18:10-04:00,2026-10-06,10247.0
2026-10-08 20:00:00+00:00,2026-10-08 16:00:00-04:00,2026-10-08,,10383.306713228772,,10383.306713228772,10016.764939486076,11587.51254187289,10345.605091946029,9763.680731805887,11765.193506987584,2026-10-07T18:10-04:00,2026-10-06,10946.0
2026-10-08 21:00:00+00:00,2026-10-08 17:00:00-04:00,2026-10-08,,11421.087854497298,,11421.087854497298,11272.765167568632,12530.909058090105,11383.386233214553,11019.680959888445,12708.5900232048,2026-10-07T18:10-04:00,2026-10-06,11899.0
2026-10-08 22:00:00+00:00,2026-10-08 18:00:00-04:00,2026-10-08,,12927.927262678058,,12927.927262678058,12881.751727595662,13426.224426898283,12890.225641395313,12628.667519915474,13603.90539201298,2026-10-07T18:10-04:00,2026-10-06,13342.0
2026-10-08 23:00:00+00:00,2026-10-08 19:00:00-04:00,2026-10-08,,13677.690872948231,,13677.690872948231,13207.098464532575,13790.923652789072,13639.989251665484,12954.01425685239,13968.60461790377,2026-10-07T18:10-04:00,2026-10-06,13994.0
2026-10-09 00:00:00+00:00,2026-10-08 20:00:00-04:00,2026-10-08,,13594.911498781312,,13594.911498781312,13338.102301748351,13813.54286342801,13557.209877498566,13085.018094068166,13991.223828542708,2026-10-07T18:10-04:00,2026-10-06,13884.0
2026-10-09 01:00:00+00:00,2026-10-08 21:00:00-04:00,2026-10-08,,13175.311801251764,,13175.311801251764,13063.712046741692,13503.694700735998,13137.61017996902,12810.627839061506,13681.375665850694,2026-10-07T18:10-04:00,2026-10-06,13377.0
2026-10-09 02:00:00+00:00,2026-10-08 22:00:00-04:00,2026-10-08,,12536.986753682391,,12536.986753682391,12361.60642231122,12876.8741352323,12499.285132399646,12108.522214631032,13054.555100346995,2026-10-07T18:10-04:00,2026-10-06,12649.0
2026-10-09 03:00:00+00:00,2026-10-08 23:00:00-04:00,2026-10-08,,11658.110609547844,,11658.110609547844,11431.053583560844,11953.651244486218,11620.408988265095,11177.969375880655,12131.332209600914,2026-10-07T18:10-04:00,2026-10-06,11662.0
2026-10-09 04:00:00+00:00,2026-10-09 00:00:00-04:00,2026-10-09,,10471.17093264753,,10471.17093264753,10227.401361662542,10824.329011673068,10433.469311364785,9974.317153982354,11002.009976787764,2026-10-08T16:03-04:00,2026-10-06,10761.0
2026-10-09 05:00:00+00:00,2026-10-09 01:00:00-04:00,2026-10-09,,10135.812217699118,,10135.812217699118,9953.179740065903,10537.226817817502,10098.110596416373,9700.095532385716,10714.907782932198,2026-10-08T16:03-04:00,2026-10-06,10190.0
2026-10-09 06:00:00+00:00,2026-10-09 02:00:00-04:00,2026-10-09,,9908.334688694023,,9908.334688694023,9643.882260096874,10434.087771668115,9870.63306741128,9390.798052416689,10611.768736782811,2026-10-08T16:03-04:00,2026-10-06,10002.0
2026-10-09 07:00:00+00:00,2026-10-09 03:00:00-04:00,2026-10-09,,9766.027918693238,,9766.027918693238,9447.2530667449,10272.726451709055,9728.326297410493,9194.168859064712,10450.407416823751,2026-10-08T16:03-04:00,2026-10-06,10119.0
2026-10-09 08:00:00+00:00,2026-10-09 04:00:00-04:00,2026-10-09,,9732.494188716655,,9732.494188716655,9587.242400026927,10284.04143731446,9694.792567433911,9334.15819234674,10461.722402429155,2026-10-08T16:03-04:00,2026-10-06,10022.0
2026-10-09 09:00:00+00:00,2026-10-09 05:00:00-04:00,2026-10-09,,9864.271216202822,,9864.271216202822,9706.453734772056,10350.092995828129,9826.569594920076,9453.369527091869,10527.773960942824,2026-10-08T16:03-04:00,2026-10-06,9865.0
2026-10-09 10:00:00+00:00,2026-10-09 06:00:00-04:00,2026-10-09,,10260.117780592367,,10260.117780592367,10163.241276877998,10788.531213533184,10222.416159309623,9910.15706919781,10966.21217864788,2026-10-08T16:03-04:00,2026-10-06,10365.0
2026-10-09 11:00:00+00:00,2026-10-09 07:00:00-04:00,2026-10-09,,11243.79561958596,,11243.79561958596,11083.358595943551,11625.293971346142,11206.093998303211,10830.274388263364,11802.974936460838,2026-10-08T16:03-04:00,2026-10-06,11609.0
2026-10-09 12:00:00+00:00,2026-10-09 08:00:00-04:00,2026-10-09,,11712.885905588277,,11712.885905588277,11472.421530578898,12126.54343787802,11675.18428430553,11219.337322898711,12304.224402992715,2026-10-08T16:03-04:00,2026-10-06,12262.0
2026-10-09 13:00:00+00:00,2026-10-09 09:00:00-04:00,2026-10-09,,10938.24649286413,,10938.24649286413,10687.92876592734,11465.526260784678,10900.544871581384,10434.844558247152,11643.207225899374,2026-10-08T16:03-04:00,2026-10-06,11437.0
2026-10-09 14:00:00+00:00,2026-10-09 10:00:00-04:00,2026-10-09,,9994.41889987372,,9994.41889987372,9748.571116048975,10931.53024641634,9956.717278590975,9495.486908368788,11109.211211531036,2026-10-08T16:03-04:00,2026-10-06,10144.0
2026-10-09 15:00:00+00:00,2026-10-09 11:00:00-04:00,2026-10-09,,9451.667224608493,,9451.667224608493,8994.953737376296,10478.4094823143,9413.965603325749,8741.869529696109,10656.090447428996,2026-10-08T16:03-04:00,2026-10-06,9702.0
2026-10-09 16:00:00+00:00,2026-10-09 12:00:00-04:00,2026-10-09,,9324.820476745012,,9324.820476745012,8999.637344173687,10496.12577427716,9287.118855462266,8746.5531364935,10673.806739391855,2026-10-08T16:03-04:00,2026-10-06,9760.0
2026-10-09 17:00:00+00:00,2026-10-09 13:00:00-04:00,2026-10-09,,9039.787169473597,,9039.787169473597,8677.845634437866,10319.40878837827,9002.085548190851,8424.76142675768,10497.089753492966,2026-10-08T16:03-04:00,2026-10-06,9889.0
2026-10-09 18:00:00+00:00,2026-10-09 14:00:00-04:00,2026-10-09,,9097.329986504928,,9097.329986504928,8799.599688820366,10598.047430640669,9059.62836522218,8546.515481140179,10775.728395755365,2026-10-08T16:03-04:00,2026-10-06,9843.0
2026-10-09 19:00:00+00:00,2026-10-09 15:00:00-04:00,2026-10-09,,9464.861385714485,,9464.861385714485,9148.648945400177,11095.87051807574,9427.159764431735,8895.564737719988,11273.551483190437,2026-10-08T16:03-04:00,2026-10-06,9785.0
2026-10-09 20:00:00+00:00,2026-10-09 16:00:00-04:00,2026-10-09,,10072.162324429404,,10072.162324429404,9751.341382727507,11749.339882505688,10034.460703146658,9498.257175047322,11927.020847620382,2026-10-08T16:03-04:00,2026-10-06,10532.0
2026-10-09 21:00:00+00:00,2026-10-09 17:00:00-04:00,2026-10-09,,11206.833173697296,,11206.833173697296,10760.770428446624,12420.37833603697,11169.13155241455,10507.686220766438,12598.059301151668,2026-10-08T16:03-04:00,2026-10-06,11408.0
2026-10-09 22:00:00+00:00,2026-10-09 18:00:00-04:00,2026-10-09,,12785.981145245489,,12785.981145245489,12579.230727188027,13500.39150373937,12748.279523962745,12326.14651950784,13678.072468854069,2026-10-08T16:03-04:00,2026-10-06,12896.0
2026-10-09 23:00:00+00:00,2026-10-09 19:00:00-04:00,2026-10-09,,13369.271205312212,,13369.271205312212,12936.423136829368,13838.111863357764,13331.569584029468,12683.33892914918,14015.792828472458,2026-10-08T16:03-04:00,2026-10-06,13482.0
2026-10-10 00:00:00+00:00,2026-10-09 20:00:00-04:00,2026-10-09,,13261.396065235009,,13261.396065235009,12902.549704432246,13690.742526189437,13223.694443952263,12649.465496752058,13868.423491304133,2026-10-08T16:03-04:00,2026-10-06,13284.0
2026-10-10 01:00:00+00:00,2026-10-09 21:00:00-04:00,2026-10-09,,12763.751677961704,,12763.751677961704,12610.103549912112,13337.385658303258,12726.050056678958,12357.019342231924,13515.066623417952,2026-10-08T16:03-04:00,2026-10-06,12863.0
2026-10-10 02:00:00+00:00,2026-10-09 22:00:00-04:00,2026-10-09,,12215.540252300929,,12215.540252300929,11880.510110019326,12834.565036003063,12177.838631018183,11627.42590233914,13012.24600111776,2026-10-08T16:03-04:00,2026-10-06,12312.0
2026-10-10 03:00:00+00:00,2026-10-09 23:00:00-04:00,2026-10-09,,11369.375603673448,,11369.375603673448,11053.631060436745,11938.765378963444,11331.673982390705,10800.546852756555,12116.44634407814,2026-10-08T16:03-04:00,2026-10-06,11526.0
2026-10-10 04:00:00+00:00,2026-10-10 00:00:00-04:00,2026-10-10,10560.0,10630.955420868617,,10630.955420868617,10327.5416341653,10917.981988576004,10593.25379958587,10074.457426485113,11095.662953690698,2026-10-09T15:39-04:00,2026-10-06,10982.0
2026-10-10 05:00:00+00:00,2026-10-10 01:00:00-04:00,2026-10-10,,10117.66973353699,,10117.66973353699,9961.30839647186,10385.092671518729,10079.968112254244,9708.224188791672,10562.773636633425,2026-10-09T15:39-04:00,2026-10-06,10457.0
2026-10-10 06:00:00+00:00,2026-10-10 02:00:00-04:00,2026-10-10,,9775.83852070779,,9775.83852070779,9644.0386696444,10122.222338451467,9738.136899425044,9390.954461964213,10299.903303566163,2026-10-09T15:39-04:00,2026-10-06,10058.0
2026-10-10 07:00:00+00:00,2026-10-10 03:00:00-04:00,2026-10-10,,9623.6404608616,,9623.6404608616,9347.237201559316,9923.49570887586,9585.938839578854,9094.152993879128,10101.176673990556,2026-10-09T15:39-04:00,2026-10-06,10094.0
2026-10-10 08:00:00+00:00,2026-10-10 04:00:00-04:00,2026-10-10,,9529.96008490244,,9529.96008490244,9232.176733732562,9869.94351027326,9492.258463619692,8979.092526052375,10047.624475387956,2026-10-09T15:39-04:00,2026-10-06,10260.0
2026-10-10 09:00:00+00:00,2026-10-10 05:00:00-04:00,2026-10-10,,9540.530807538787,,9540.530807538787,9256.521612154656,9904.02996846344,9502.829186256042,9003.437404474469,10081.710933578135,2026-10-09T15:39-04:00,2026-10-06,10174.0
2026-10-10 10:00:00+00:00,2026-10-10 06:00:00-04:00,2026-10-10,,9614.952230182816,,9614.952230182816,9332.926438474027,10055.92843078827,9577.250608900067,9079.84223079384,10233.609395902966,2026-10-09T15:39-04:00,2026-10-06,10245.0
2026-10-10 11:00:00+00:00,2026-10-10 07:00:00-04:00,2026-10-10,,9927.955054650689,,9927.955054650689,9919.238173098349,10452.223566324166,9890.253433367943,9666.15396541816,10629.904531438862,2026-10-09T15:39-04:00,2026-10-06,10567.0
2026-10-10 12:00:00+00:00,2026-10-10 08:00:00-04:00,2026-10-10,,10220.186021952604,,10220.186021952604,10136.379054398329,10878.879625394477,10182.48440066986,9883.29484671814,11056.56059050917,2026-10-09T15:39-04:00,2026-10-06,10695.0
2026-10-10 13:00:00+00:00,2026-10-10 09:00:00-04:00,2026-10-10,,9823.941254569474,,9823.941254569474,9472.139991973483,10403.004053897976,9786.239633286728,9219.055784293298,10580.685019012672,2026-10-09T15:39-04:00,2026-10-06,10152.0
2026-10-10 14:00:00+00:00,2026-10-10 10:00:00-04:00,2026-10-10,,9311.774682711086,,9311.774682711086,8758.284692323781,10069.11823394864,9274.07306142834,8505.200484643594,10246.799199063336,2026-10-09T15:39-04:00,2026-10-06,9559.0
2026-10-10 15:00:00+00:00,2026-10-10 11:00:00-04:00,2026-10-10,,8615.154520688797,,8615.154520688797,8352.734864985616,9663.112161365594,8577.452899406051,8099.650657305429,9840.79312648029,2026-10-09T15:39-04:00,2026-10-06,8789.0
2026-10-10 16:00:00+00:00,2026-10-10 12:00:00-04:00,2026-10-10,,8400.496574029234,,8400.496574029234,8281.731782703071,9481.033292015169,8362.794952746488,8028.647575022885,9658.714257129865,2026-10-09T15:39-04:00,2026-10-06,8276.0
2026-10-10 17:00:00+00:00,2026-10-10 13:00:00-04:00,2026-10-10,,8307.535574467998,,8307.535574467998,8127.417096959192,9488.3360536235,8269.833953185253,7874.332889279006,9666.017018738195,2026-10-09T15:39-04:00,2026-10-06,8109.0
2026-10-10 18:00:00+00:00,2026-10-10 14:00:00-04:00,2026-10-10,,8373.214346585142,,8373.214346585142,8255.185857367396,9547.26254960174,8335.512725302397,8002.10164968721,9724.943514716437,2026-10-09T15:39-04:00,2026-10-06,
2026-10-10 19:00:00+00:00,2026-10-10 15:00:00-04:00,2026-10-10,,8620.61724305257,,8620.61724305257,8266.894713449616,9906.340910458392,8582.915621769824,8013.810505769429,10084.021875573088,2026-10-09T15:39-04:00,2026-10-06,
2026-10-10 20:00:00+00:00,2026-10-10 16:00:00-04:00,2026-10-10,,9360.240714028145,,9360.240714028145,8693.408753990423,10383.521016613522,9322.539092745395,8440.324546310236,10561.201981728218,2026-10-09T15:39-04:00,2026-10-06,
2026-10-10 21:00:00+00:00,2026-10-10 17:00:00-04:00,2026-10-10,,10538.67735830829,,10538.67735830829,10396.52319288282,11393.246424770923,10500.975737025545,10143.438985202632,11570.92738988562,2026-10-09T15:39-04:00,2026-10-06,
2026-10-10 22:00:00+00:00,2026-10-10 18:00:00-04:00,2026-10-10,,12217.654272467938,,12217.654272467938,11937.174579982464,12530.727023508223,12179.952651185193,11684.090372302277,12708.40798862292,2026-10-09T15:39-04:00,2026-10-06,
2026-10-10 23:00:00+00:00,2026-10-10 19:00:00-04:00,2026-10-10,,12676.96031034545,,12676.96031034545,12331.570377569258,13047.819622477888,12639.258689062704,12078.48616988907,13225.500587592584,2026-10-09T15:39-04:00,2026-10-06,
2026-10-11 00:00:00+00:00,2026-10-10 20:00:00-04:00,2026-10-10,,12511.653504818469,,12511.653504818469,12250.862631909831,13008.74081292564,12473.951883535725,11997.778424229646,13186.421778040336,2026-10-09T15:39-04:00,2026-10-06,
2026-10-11 01:00:00+00:00,2026-10-10 21:00:00-04:00,2026-10-10,,12143.332812395442,,12143.332812395442,12017.396713926051,12439.543586125736,12105.631191112696,11764.312506245864,12617.224551240432,2026-10-09T15:39-04:00,2026-10-06,
2026-10-11 02:00:00+00:00,2026-10-10 22:00:00-04:00,2026-10-10,,11483.314076078888,,11483.314076078888,11430.820412179297,12019.20568646351,11445.612454796144,11177.73620449911,12196.886651578208,2026-10-09T15:39-04:00,2026-10-06,
2026-10-11 03:00:00+00:00,2026-10-10 23:00:00-04:00,2026-10-10,,10724.710655423793,,10724.710655423793,10724.710655423793,11387.607672862096,10687.009034141049,10471.626447743603,11565.288637976792,2026-10-09T15:39-04:00,2026-10-06,
2026-10-11 04:00:00+00:00,2026-10-11 00:00:00-04:00,2026-10-11,10390.0,10397.808132760001,,10397.808132760001,10086.865975023487,10518.083068079079,10360.106511477255,9833.7817673433,10695.764033193775,2026-10-10T14:47-04:00,2026-10-06,
2026-10-11 05:00:00+00:00,2026-10-11 01:00:00-04:00,2026-10-11,,9904.212236586462,,9904.212236586462,9772.436833043908,10194.236459069038,9866.510615303716,9519.352625363721,10371.917424183734,2026-10-10T14:47-04:00,2026-10-06,
2026-10-11 06:00:00+00:00,2026-10-11 02:00:00-04:00,2026-10-11,,9671.350970051104,,9671.350970051104,9542.344941930123,10019.516104344673,9633.649348768358,9289.260734249936,10197.19706945937,2026-10-10T14:47-04:00,2026-10-06,
2026-10-11 07:00:00+00:00,2026-10-11 03:00:00-04:00,2026-10-11,,9553.33455030024,,9553.33455030024,9406.199175306156,9986.465547477808,9515.632929017494,9153.114967625968,10164.146512592504,2026-10-10T14:47-04:00,2026-10-06,
2026-10-11 08:00:00+00:00,2026-10-11 04:00:00-04:00,2026-10-11,,9458.487140722234,,9458.487140722234,9380.154913837132,9920.75558782401,9420.785519439489,9127.070706156945,10098.436552938705,2026-10-10T14:47-04:00,2026-10-06,
2026-10-11 09:00:00+00:00,2026-10-11 05:00:00-04:00,2026-10-11,,9439.737684465272,,9439.737684465272,9415.958055460796,9939.64503668732,9402.036063182526,9162.87384778061,10117.326001802016,2026-10-10T14:47-04:00,2026-10-06,
2026-10-11 10:00:00+00:00,2026-10-11 06:00:00-04:00,2026-10-11,,9568.501254839817,,9568.501254839817,9450.091401828597,10022.407492623619,9530.799633557072,9197.00719414841,10200.088457738315,2026-10-10T14:47-04:00,2026-10-06,
2026-10-11 11:00:00+00:00,2026-10-11 07:00:00-04:00,2026-10-11,,9848.194199651594,,9848.194199651594,9752.9180707973,10380.791739776836,9810.492578368849,9499.833863117112,10558.472704891532,2026-10-10T14:47-04:00,2026-10-06,
2026-10-11 12:00:00+00:00,2026-10-11 08:00:00-04:00,2026-10-11,,10197.594442389147,,10197.594442389147,9900.960575333056,10766.074732793753,10159.892821106401,9647.876367652869,10943.75569790845,2026-10-10T14:47-04:00,2026-10-06,
2026-10-11 13:00:00+00:00,2026-10-11 09:00:00-04:00,2026-10-11,,10185.63565614046,,10185.63565614046,9825.246690814809,10735.61849293822,10147.934034857713,9572.162483134622,10913.299458052916,2026-10-10T14:47-04:00,2026-10-06,
2026-10-11 14:00:00+00:00,2026-10-11 10:00:00-04:00,2026-10-11,,9838.842718468575,,9838.842718468575,9268.139044919175,10614.428876539678,9801.14109718583,9015.054837238988,10792.109841654374,2026-10-10T14:47-04:00,2026-10-06,
2026-10-11 15:00:00+00:00,2026-10-11 11:00:00-04:00,2026-10-11,,9202.527390980094,,9202.527390980094,8715.1786690353,10327.210616460507,9164.825769697349,8462.094461355113,10504.891581575203,2026-10-10T14:47-04:00,2026-10-06,
2026-10-11 16:00:00+00:00,2026-10-11 12:00:00-04:00,2026-10-11,,9153.659294559267,,9153.659294559267,8619.007381103429,10219.373247436668,9115.957673276522,8365.923173423242,10397.054212551364,2026-10-10T14:47-04:00,2026-10-06,
2026-10-11 17:00:00+00:00,2026-10-11 13:00:00-04:00,2026-10-11,,9515.979318257318,,9515.979318257318,8726.376145715167,10379.705691539775,9478.277696974572,8473.29193803498,10557.386656654471,2026-10-10T14:47-04:00,2026-10-06,
2026-10-11 18:00:00+00:00,2026-10-11 14:00:00-04:00,2026-10-11,,9779.220223729242,,9779.220223729242,8939.791456852035,10540.562813409713,9741.518602446497,8686.707249171848,10718.24377852441,2026-10-10T14:47-04:00,2026-10-06,
2026-10-11 19:00:00+00:00,2026-10-11 15:00:00-04:00,2026-10-11,,10221.792868950175,,10221.792868950175,9449.48573609271,10999.706801078046,10184.09124766743,9196.401528412523,11177.387766192742,2026-10-10T14:47-04:00,2026-10-06,
2026-10-11 20:00:00+00:00,2026-10-11 16:00:00-04:00,2026-10-11,,10765.18470660325,,10765.18470660325,10082.20430259722,11651.922022893657,10727.483085320504,9829.120094917032,11829.602988008353,2026-10-10T14:47-04:00,2026-10-06,
2026-10-11 21:00:00+00:00,2026-10-11 17:00:00-04:00,2026-10-11,,11545.968061813426,,11545.968061813426,11115.877491814079,12200.71699117064,11508.26644053068,10862.793284133892,12378.397956285336,2026-10-10T14:47-04:00,2026-10-06,
2026-10-11 22:00:00+00:00,2026-10-11 18:00:00-04:00,2026-10-11,,12804.089622271444,,12804.089622271444,12273.645248889643,12902.930465968004,12766.388000988698,12020.561041209456,13080.6114310827,2026-10-10T14:47-04:00,2026-10-06,
2026-10-11 23:00:00+00:00,2026-10-11 19:00:00-04:00,2026-10-11,,13154.305848419655,,13154.305848419655,12572.044518431894,13211.016165636576,13116.60422713691,12318.960310751707,13388.697130751272,2026-10-10T14:47-04:00,2026-10-06,
2026-10-12 00:00:00+00:00,2026-10-11 20:00:00-04:00,2026-10-11,,13043.47394685852,,13043.47394685852,12470.614539401948,13231.653898688488,13005.772325575774,12217.53033172176,13409.334863803184,2026-10-10T14:47-04:00,2026-10-06,
2026-10-12 01:00:00+00:00,2026-10-11 21:00:00-04:00,2026-10-11,,12780.491323952954,,12780.491323952954,12345.621434859051,13050.351774789942,12742.789702670208,12092.537227178864,13228.032739904638,2026-10-10T14:47-04:00,2026-10-06,
2026-10-12 02:00:00+00:00,2026-10-11 22:00:00-04:00,2026-10-11,,12016.910772204912,,12016.910772204912,11728.63307469205,12354.706373669946,11979.209150922166,11475.548867011863,12532.387338784642,2026-10-10T14:47-04:00,2026-10-06,
2026-10-12 03:00:00+00:00,2026-10-11 23:00:00-04:00,2026-10-11,,11198.832108140996,,11198.832108140996,10897.18846301015,11723.347497412185,11161.13048685825,10644.104255329963,11901.028462526881,2026-10-10T14:47-04:00,2026-10-06,
