period_utc,ts_local,target_date,iso_forecast_mw,pred_lgb,pred_raw,pred_lo_raw,pred_hi_raw,pred,pred_lo,pred_hi,issued_at,models_trained_through,demand_mw
2026-10-11 04:00:00+00:00,2026-10-11 00:00:00-04:00,2026-10-11,10390.0,10397.808132760001,10397.808132760001,10086.865975023487,10518.083068079079,10360.106511477255,9833.7817673433,10695.764033193775,2026-10-10T14:47-04:00,2026-10-06,
2026-10-11 05:00:00+00:00,2026-10-11 01:00:00-04:00,2026-10-11,,9904.212236586462,9904.212236586462,9772.436833043908,10194.236459069038,9866.510615303716,9519.352625363721,10371.917424183734,2026-10-10T14:47-04:00,2026-10-06,
2026-10-11 06:00:00+00:00,2026-10-11 02:00:00-04:00,2026-10-11,,9671.350970051104,9671.350970051104,9542.344941930123,10019.516104344673,9633.649348768358,9289.260734249936,10197.19706945937,2026-10-10T14:47-04:00,2026-10-06,
2026-10-11 07:00:00+00:00,2026-10-11 03:00:00-04:00,2026-10-11,,9553.33455030024,9553.33455030024,9406.199175306156,9986.465547477808,9515.632929017494,9153.114967625968,10164.146512592504,2026-10-10T14:47-04:00,2026-10-06,
2026-10-11 08:00:00+00:00,2026-10-11 04:00:00-04:00,2026-10-11,,9458.487140722234,9458.487140722234,9380.154913837132,9920.75558782401,9420.785519439489,9127.070706156945,10098.436552938705,2026-10-10T14:47-04:00,2026-10-06,
2026-10-11 09:00:00+00:00,2026-10-11 05:00:00-04:00,2026-10-11,,9439.737684465272,9439.737684465272,9415.958055460796,9939.64503668732,9402.036063182526,9162.87384778061,10117.326001802016,2026-10-10T14:47-04:00,2026-10-06,
2026-10-11 10:00:00+00:00,2026-10-11 06:00:00-04:00,2026-10-11,,9568.501254839817,9568.501254839817,9450.091401828597,10022.407492623619,9530.799633557072,9197.00719414841,10200.088457738315,2026-10-10T14:47-04:00,2026-10-06,
2026-10-11 11:00:00+00:00,2026-10-11 07:00:00-04:00,2026-10-11,,9848.194199651594,9848.194199651594,9752.9180707973,10380.791739776836,9810.492578368849,9499.833863117112,10558.472704891532,2026-10-10T14:47-04:00,2026-10-06,
2026-10-11 12:00:00+00:00,2026-10-11 08:00:00-04:00,2026-10-11,,10197.594442389147,10197.594442389147,9900.960575333056,10766.074732793753,10159.892821106401,9647.876367652869,10943.75569790845,2026-10-10T14:47-04:00,2026-10-06,
2026-10-11 13:00:00+00:00,2026-10-11 09:00:00-04:00,2026-10-11,,10185.63565614046,10185.63565614046,9825.246690814809,10735.61849293822,10147.934034857713,9572.162483134622,10913.299458052916,2026-10-10T14:47-04:00,2026-10-06,
2026-10-11 14:00:00+00:00,2026-10-11 10:00:00-04:00,2026-10-11,,9838.842718468575,9838.842718468575,9268.139044919175,10614.428876539678,9801.14109718583,9015.054837238988,10792.109841654374,2026-10-10T14:47-04:00,2026-10-06,
2026-10-11 15:00:00+00:00,2026-10-11 11:00:00-04:00,2026-10-11,,9202.527390980094,9202.527390980094,8715.1786690353,10327.210616460507,9164.825769697349,8462.094461355113,10504.891581575203,2026-10-10T14:47-04:00,2026-10-06,
2026-10-11 16:00:00+00:00,2026-10-11 12:00:00-04:00,2026-10-11,,9153.659294559267,9153.659294559267,8619.007381103429,10219.373247436668,9115.957673276522,8365.923173423242,10397.054212551364,2026-10-10T14:47-04:00,2026-10-06,
2026-10-11 17:00:00+00:00,2026-10-11 13:00:00-04:00,2026-10-11,,9515.979318257318,9515.979318257318,8726.376145715167,10379.705691539775,9478.277696974572,8473.29193803498,10557.386656654471,2026-10-10T14:47-04:00,2026-10-06,
2026-10-11 18:00:00+00:00,2026-10-11 14:00:00-04:00,2026-10-11,,9779.220223729242,9779.220223729242,8939.791456852035,10540.562813409713,9741.518602446497,8686.707249171848,10718.24377852441,2026-10-10T14:47-04:00,2026-10-06,
2026-10-11 19:00:00+00:00,2026-10-11 15:00:00-04:00,2026-10-11,,10221.792868950175,10221.792868950175,9449.48573609271,10999.706801078046,10184.09124766743,9196.401528412523,11177.387766192742,2026-10-10T14:47-04:00,2026-10-06,
2026-10-11 20:00:00+00:00,2026-10-11 16:00:00-04:00,2026-10-11,,10765.18470660325,10765.18470660325,10082.20430259722,11651.922022893657,10727.483085320504,9829.120094917032,11829.602988008353,2026-10-10T14:47-04:00,2026-10-06,
2026-10-11 21:00:00+00:00,2026-10-11 17:00:00-04:00,2026-10-11,,11545.968061813426,11545.968061813426,11115.877491814079,12200.71699117064,11508.26644053068,10862.793284133892,12378.397956285336,2026-10-10T14:47-04:00,2026-10-06,
2026-10-11 22:00:00+00:00,2026-10-11 18:00:00-04:00,2026-10-11,,12804.089622271444,12804.089622271444,12273.645248889643,12902.930465968004,12766.388000988698,12020.561041209456,13080.6114310827,2026-10-10T14:47-04:00,2026-10-06,
2026-10-11 23:00:00+00:00,2026-10-11 19:00:00-04:00,2026-10-11,,13154.305848419655,13154.305848419655,12572.044518431894,13211.016165636576,13116.60422713691,12318.960310751707,13388.697130751272,2026-10-10T14:47-04:00,2026-10-06,
2026-10-12 00:00:00+00:00,2026-10-11 20:00:00-04:00,2026-10-11,,13043.47394685852,13043.47394685852,12470.614539401948,13231.653898688488,13005.772325575774,12217.53033172176,13409.334863803184,2026-10-10T14:47-04:00,2026-10-06,
2026-10-12 01:00:00+00:00,2026-10-11 21:00:00-04:00,2026-10-11,,12780.491323952954,12780.491323952954,12345.621434859051,13050.351774789942,12742.789702670208,12092.537227178864,13228.032739904638,2026-10-10T14:47-04:00,2026-10-06,
2026-10-12 02:00:00+00:00,2026-10-11 22:00:00-04:00,2026-10-11,,12016.910772204912,12016.910772204912,11728.63307469205,12354.706373669946,11979.209150922166,11475.548867011863,12532.387338784642,2026-10-10T14:47-04:00,2026-10-06,
2026-10-12 03:00:00+00:00,2026-10-11 23:00:00-04:00,2026-10-11,,11198.832108140996,11198.832108140996,10897.18846301015,11723.347497412185,11161.13048685825,10644.104255329963,11901.028462526881,2026-10-10T14:47-04:00,2026-10-06,
